Name,Sequence
H61_L_S,ATTTAGCCGGAAAGGGTGGTTTTTAGCCCGA
H60_L_S,ACGTGGCGAGAAAGATGGCCCAAAGAATCTTTTCATGCTCCATGTTACTGTGTCGAATGGTCAATC
H57_L_S,GTTTCCATTAAACGGGTAAAGTAATACTTACTAATGAGGTTAAAGGGATGTCCATTTTGACGGGCCAAC
H56_L_S,GGCTACAGAGGCTTAGACTT
H61_L_P,CCTCATTGATAAATTTAGCCGGAAAGGGTGGTTTTTAGCCCGA
H60_L_P,ACGTGGCGAGAAAGATGGCCCAAAGAATCTTTTCATGCTCCATGTTACTGTGTCGAATGGTCAATCATCGCCTAAAGC
H57_L_P,ATAAGTGAGGAAGTTTCCATTAAACGGGTAAAGTAATACTTACTAATGAGGTTAAAGGGATGTCCATTTTGACGGGCCAAC
H56_L_P,GGCTACAGAGGCTTAGACTTTTTCATTTTAAC
H54_L_S,CGGGATACGAGGGTAGCAACGGTACGCAGGCCAC
H53_L_S,TTGGCAGTTTTATAATATTCGTGCAGGGAGTTAA
H50_L_S,CCTCATAGTTCCTGTAGTTGTAAA
H49_L_S,AAGATTAATCTGGTGCGGTCAATTTTTTATTTAAACAT
H54_L_P,GGGGTACTTTTGCGGGATACGAGGGTAGCAACGGTACGCAGGCCAC
H53_L_P,TTGGCAGTTTTATAATATTCGTGCAGGGAGTTAAAGGCCGATAGTA
H50_L_P,ACCGCCGACAGCCCTCATAGTTCCTGTAGTTGTAAA
H49_L_P,AAGATTAATCTGGTGCGGTCAATTTTTTATTTAAACATTCCACATCCCTC
H46_L_P_AND_H47_L_P,AGACCACGCCATATTTTGTTAATCATCAACATCAGAACGGCGCA
H46_L_P_AND_H47_L_S,ATTTTGTTAATCATCAACATCAGAACGGCGCA
H46_L_S_AND_H47_L_P,AGACCACGCCATATTTTGTTAATCATCAACAT
H46_L_S_AND_H47_L_S,ATTTTGTTAATCATCAACAT
H42_L_P_AND_H43_L_P,AACGCCGACTCCTCAAGAGAAGGATTAGGAGGGCAAAGCGCCATTCGCCATAGGCTGAAAAAGG
H42_L_P_AND_H43_L_S,TCAAGAGAAGGATTAGGAGGGCAAAGCGCCATTCGCCATAGGCTGAAAAAGG
H42_L_S_AND_H43_L_P,AACGCCGACTCCTCAAGAGAAGGATTAGGAGGGCAAAGCGCCATTCGCCATA
H42_L_S_AND_H43_L_S,TCAAGAGAAGGATTAGGAGGGCAAAGCGCCATTCGCCATA
H60_R_S_AND_H61_R_S,ATTTAGTTTGTCCCAATTCT
H60_R_S_AND_H61_R_P,ATTTAGTTTGTCCCAATTCTGCGAACTCCGGC
H60_R_P_AND_H61_R_S,GCAGCCGAGTAGATTTAGTTTGTCCCAATTCT
H60_R_P_AND_H61_R_P,GCAGCCGAGTAGATTTAGTTTGTCCCAATTCTGCGAACTCCGGC
H57_R_S,AAGCCTTTGACCCTATACGTAATT
H56_R_S,TTATATTTCAGAGCTAAGTTGTAGCGCTCATTCTGACCTGAAAG
H57_R_P,AAGCCTTTGACCCTATACGTAATTGTACCAAAACGA
H56_R_P,GTTGTAAAAACATTATATTTCAGAGCTAAGTTGTAGCGCTCATTCTGACCTGAAAG
H54_R_S,TTTTTTGTTAGAGCTGCGCGTGTGCTTTAGAACCCCAAATCACCATCA
H53_R_S,ACCGTTAGGTGAAGAATAATAATTTTTTCACGTT
H50_R_S,CGGTTTAGAAAATCTCCAAAAGAGTCTGGAGCAA
H49_R_S,ATGAACTACCCCGGTTGATAATAACATAACTGAACAATATT
H54_R_P,TTTTTTGTTAGAGCTGCGCGTGTGCTTTAGAACCCCAAATCACCATCAATATGAATTCAT
H53_R_P,ATAAATTATTCAACCGTTAGGTGAAGAATAATAATTTTTTCACGTT
H50_R_P,CGGTTTAGAAAATCTCCAAAAGAGTCTGGAGCAAACAAGAGGTGGT
H49_R_P,ACCGTCGAATCGATGAACTACCCCGGTTGATAATAACATAACTGAACAATATT
H47_R_S,GCGAACCAAGGTTAAATACCGAGAGAGAATCAGAAAAGCCCCTTTAAC
H46_R_S,CATCAAAAATAATGTGGGAAACCAGCAGAAAGGA
H43_R_S,CCTTTACAAGAACCCAAACGGGGACGACGCCAGC
H42_R_S,CTTCTGGTGCCGGGCGATCGAACAATATAAAGTACGGAATC
H47_R_P,GCGAACCAAGGTTAAATACCGAGAGAGAATCAGAAAAGCCCCTTTAACCAATAGGAGGTC
H46_R_P,TGATAAGAACGCCATCAAAAATAATGTGGGAAACCAGCAGAAAGGA
H43_R_P,CCTTTACAAGAACCCAAACGGGGACGACGCCAGCTTTCCGTAATTC
H42_R_P,GCGTTTGCACCGCTTCTGGTGCCGGGCGATCGAACAATATAAAGTACGGAATC
H35_L_P,ATAATCCTTGAATACCAAGTTACAAAATGGCAATTCCAGAAGAAACAAAAGCCGCCCAAACAAATAAATCCTCATTGATAA
H36_L_P,ATCGCCTAAAGCCAGAATGGAAAGCGCAGTCTATATTCAGCCAGCATTGACAG
H39_L_P,CTTACCACAACGCCACGCAGAGTAATAAGTGAGGAA
H40_L_P,TTTCATTTTAACGGGGTCAGTGTGTACTGAACAGCGAGCAGTTGTCTGAG
H35_L_S,ATAATCCTTGAATACCAAGTTACAAAATGGCAATTCCAGAAGAAACAAAAGCCGCCCAAACAAATAAAT
H36_L_S,CAGAATGGAAAGCGCAGTCTATATTCAGCCAGCATTGACAG
H39_L_S,CTTACCACAACGCCACGCAGAGTA
H40_L_S,GGGGTCAGTGTGTACTGAACAGCGAGCAGTTGTCTGAG
H71_L_S_AND_H70_L_S,AAATGTTTAGTTTGCCAGAG
H71_L_S_AND_H70_L_P,AAATGTTTAGTTTGCCAGAGGGGGTACTTTTG
H71_L_P_AND_H70_L_S,AGGCCGATAGTAAAATGTTTAGTTTGCCAGAG
H71_L_P_AND_H70_L_P,AGGCCGATAGTAAAATGTTTAGTTTGCCAGAGGGGGTACTTTTG
H33_L_S_AND_H32_L_S,AGAGCCGCCACCCTCAGAGCGCAACCAGCCCACCACCGGA
H33_L_S_AND_H32_L_P,AGAGCCGCCACCCTCAGAGCGCAACCAGCCCACCACCGGAACCGCCGACAGC
H33_L_P_AND_H32_L_S,TCCACATCCCTCAGAGCCGCCACCCTCAGAGCGCAACCAGCCCACCACCGGA
H33_L_P_AND_H32_L_P,TCCACATCCCTCAGAGCCGCCACCCTCAGAGCGCAACCAGCCCACCACCGGAACCGCCGACAGC
H63_L_P,CATACATCATAAGGATGAACGGTGTACAGACCACGCCAT
H64_L_P,CAGAACGGCGCATAGGCTAATCAACACATTATGTTACCTTTACACTTTGAGGG
H67_L_P,ATAAAGTAGCTCGAATTCGTAGCGGTGCGAACTAACATAACGCCGACTCC
H68_L_P,GGCTGAAAAAGGAATTACGAGGGCAGATACGGAACAGTAACAACACCACG
H63_L_S,CATACATCATAAGGATGAACGGTGTAC
H64_L_S,TAGGCTAATCAACACATTATGTTACCTTTACACTTTGAGGG
H67_L_S,ATAAAGTAGCTCGAATTCGTAGCGGTGCGAACTAACAT
H68_L_S,AATTACGAGGGCAGATACGGAACAGTAACAACACCACG
H35_R_P,GCGAACTCCGGCCAGAGCTGGTCAGCAGCAACATATATGAGAATCCATCTTCTATAAGAATAAACACCCGACAA
H36_R_P,ATTAATTGATGCTGCGTCTCGTCGCTGGCAGCCGAGTAG
H39_R_P,GTACCAAAACGACGGCCATTTGTGACCTTTAGCATAGCGCAGTACAGTTATTAACGGCTG
H40_R_P,ATTGAGGTCCCGACATAGCAAGTTTATCGTGCGGGTCCCAGTCACGACGTTGTAAAAACA
H35_R_S,CAGAGCTGGTCAGCAGCAACATATATGAGAATCCATCTTCTATAAGAATAAACACCCGACAA
H36_R_S,ATTAATTGATGCTGCGTCTCGTCGCTG
H39_R_S,CGGCCATTTGTGACCTTTAGCATAGCGCAGTACAGTTATTAACGGCTG
H40_R_S,ATTGAGGTCCCGACATAGCAAGTTTATCGTGCGGGTCCCAGTCACGAC
H70_R_P,ATATGAATTCATTGAAAAATCCTGCGGGCAGTGCTCACAGAGTGA
H71_R_P,ATCCCCCCGGAATCGTCATAAATTATTCA
H32_R_P,ACAAGAGGTGGTGCCCCAGCATTCCTTTGATATCAAAATTATTTGAATAT
H33_R_P,CGACTTGGCAAGGCGAGGTGTATCCCACCAACGGCAGCACCGTCGAATCG
H70_R_S,TGAAAAATCCTGCGGGCAGTGCTCACAGAGTGA
H71_R_S,ATCCCCCCGGAATCGTC
H32_R_S,GCCCCAGCATTCCTTTGATATCAAAATTATTTGAATAT
H33_R_S,CGACTTGGCAAGGCGAGGTGTATCCCACCAACGGCAGC
H63_R_P,CAATAGGAGGTCATTTTTGCGGTTGCTCCGATGGTTATGCGAT
H64_R_P,ATTGCGTTGCGCTCGCCAGCTGGCTTGATTTTGATAAGAACGC
H67_R_P,TTTCCGTAATTCGAGCTTCAAATTCAAATAAGCAAAGCGGATTGCATCAAAAAGATTTT
H68_R_P,TGGGAATTTGCGGTTAGTCAGATCGCGTTTGCACCG
H63_R_S,ATTTTTGCGGTTGCTCCGATGGTTATGCGAT
H64_R_S,ATTGCGTTGCGCTCGCCAGCTGGCTTGATTT
H67_R_S,GAGCTTCAAATTCAAATAAGCAAAGCGGATTGCATCAAAAAGATTTT
H68_R_S,TGGGAATTTGCGGTTAGTCAGATC
H61_L_B,TTTTTTGATAAATTTAGCCGGAAAGGGTGGTTTTTAGCCCGA
H60_L_B,ACGTGGCGAGAAAGATGGCCCAAAGAATCTTTTCATGCTCCATGTTACTGTGTCGAATGGTCAATCATCGCCTTTTT
H57_L_B,TTTTTGAGGAAGTTTCCATTAAACGGGTAAAGTAATACTTACTAATGAGGTTAAAGGGATGTCCATTTTGACGGGCCAAC
H56_L_B,GGCTACAGAGGCTTAGACTTTTTCATTTTTT
H54_L_B,TTTTTCTTTTGCGGGATACGAGGGTAGCAACGGTACGCAGGCCAC
H53_L_B,TTGGCAGTTTTATAATATTCGTGCAGGGAGTTAAAGGCCGTTTTT
H50_L_B,TTTTTGACAGCCCTCATAGTTCCTGTAGTTGTAAA
H49_L_B,AAGATTAATCTGGTGCGGTCAATTTTTTATTTAAACATTCCACATTTTT
H46_L_B_AND_H47_L_B,TTTTTCGCCATATTTTGTTAATCATCAACATCAGAACTTTTT
H42_L_B_AND_H43_L_B,TTTTTGACTCCTCAAGAGAAGGATTAGGAGGGCAAAGCGCCATTCGCCATAGGCTGATTTTT
H60_R_B_AND_H61_R_B,TTTTTGAGTAGATTTAGTTTGTCCCAATTCTGCGAACTTTTT
H57_R_B,AAGCCTTTGACCCTATACGTAATTGTACCATTTTT
H56_R_B,TTTTTAAAACATTATATTTCAGAGCTAAGTTGTAGCGCTCATTCTGACCTGAAAG
H54_R_B,TTTTTTGTTAGAGCTGCGCGTGTGCTTTAGAACCCCAAATCACCATCAATATGATTTTT
H53_R_B,TTTTTTATTCAACCGTTAGGTGAAGAATAATAATTTTTTCACGTT
H50_R_B,CGGTTTAGAAAATCTCCAAAAGAGTCTGGAGCAAACAAGATTTTT
H49_R_B,TTTTTGAATCGATGAACTACCCCGGTTGATAATAACATAACTGAACAATATT
H47_R_B,GCGAACCAAGGTTAAATACCGAGAGAGAATCAGAAAAGCCCCTTTAACCAATAGTTTTT
H46_R_B,TTTTTGAACGCCATCAAAAATAATGTGGGAAACCAGCAGAAAGGA
H43_R_B,CCTTTACAAGAACCCAAACGGGGACGACGCCAGCTTTCCGTTTTT
H42_R_B,TTTTTGCACCGCTTCTGGTGCCGGGCGATCGAACAATATAAAGTACGGAATC
H35_L_B,ATAATCCTTGAATACCAAGTTACAAAATGGCAATTCCAGAAGAAACAAAAGCCGCCCAAACAAATAAATCCTCATTTTTT
H36_L_B,TTTTTTAAAGCCAGAATGGAAAGCGCAGTCTATATTCAGCCAGCATTGACAG
H39_L_B,CTTACCACAACGCCACGCAGAGTAATAAGTTTTTT
H40_L_B,TTTTTTTTAACGGGGTCAGTGTGTACTGAACAGCGAGCAGTTGTCTGAG
H71_L_B_AND_H70_L_B,TTTTTATAGTAAAATGTTTAGTTTGCCAGAGGGGGTATTTTT
H33_L_B_AND_H32_L_B,TTTTTTCCCTCAGAGCCGCCACCCTCAGAGCGCAACCAGCCCACCACCGGAACCGCCTTTTT
H63_L_B,CATACATCATAAGGATGAACGGTGTACAGACCATTTTT
H64_L_B,TTTTTGGCGCATAGGCTAATCAACACATTATGTTACCTTTACACTTTGAGGG
H67_L_B,ATAAAGTAGCTCGAATTCGTAGCGGTGCGAACTAACATAACGCCTTTTT
H68_L_B,TTTTTAAAAGGAATTACGAGGGCAGATACGGAACAGTAACAACACCACG
H35_R_B,TTTTTTCCGGCCAGAGCTGGTCAGCAGCAACATATATGAGAATCCATCTTCTATAAGAATAAACACCCGACAA
H36_R_B,ATTAATTGATGCTGCGTCTCGTCGCTGGCAGCCTTTTT
H39_R_B,TTTTTAAACGACGGCCATTTGTGACCTTTAGCATAGCGCAGTACAGTTATTAACGGCTG
H40_R_B,ATTGAGGTCCCGACATAGCAAGTTTATCGTGCGGGTCCCAGTCACGACGTTGTATTTTT
H70_R_B,TTTTTATTCATTGAAAAATCCTGCGGGCAGTGCTCACAGAGTGA
H71_R_B,ATCCCCCCGGAATCGTCATAAATTTTTT
H32_R_B,TTTTTGGTGGTGCCCCAGCATTCCTTTGATATCAAAATTATTTGAATAT
H33_R_B,CGACTTGGCAAGGCGAGGTGTATCCCACCAACGGCAGCACCGTCTTTTT
H63_R_B,TTTTTGAGGTCATTTTTGCGGTTGCTCCGATGGTTATGCGAT
H64_R_B,ATTGCGTTGCGCTCGCCAGCTGGCTTGATTTTGATAATTTTT
H67_R_B,TTTTTTAATTCGAGCTTCAAATTCAAATAAGCAAAGCGGATTGCATCAAAAAGATTTT
H68_R_B,TGGGAATTTGCGGTTAGTCAGATCGCGTTTTTTTT
H53_R_BS,TATTCAACCGTTAGGTGAAGAATAATAATTTTTTCACGTT
H50_R_BS,CGGTTTAGAAAATCTCCAAAAGAGTCTGGAGCAAACAAGA
H50_L_BS,GACAGCCCTCATAGTTCCTGTAGTTGTAAA
H43_R_BS,CCTTTACAAGAACCCAAACGGGGACGACGCCAGCTTTCCG
H46_L_BS_AND_H47_L_P,AGACCACGCCATATTTTGTTAATCATCAACATCAGAAC
H40_R_BS,ATTGAGGTCCCGACATAGCAAGTTTATCGTGCGGGTCCCAGTCACGACGTTGTA
H33_L_BS_AND_H32_L_P,TCCCTCAGAGCCGCCACCCTCAGAGCGCAACCAGCCCACCACCGGAACCGCCGACAGC
H33_R_BS,CGACTTGGCAAGGCGAGGTGTATCCCACCAACGGCAGCACCGTC
H63_R_BS,GAGGTCATTTTTGCGGTTGCTCCGATGGTTATGCGAT
H63_L_BS,CATACATCATAAGGATGAACGGTGTACAGACCA
H35_L_BS,ATAATCCTTGAATACCAAGTTACAAAATGGCAATTCCAGAAGAAACAAAAGCCGCCCAAACAAATAAATCCTCAT
H36_R_BS,ATTAATTGATGCTGCGTCTCGTCGCTGGCAGCC
H39_L_BS,CTTACCACAACGCCACGCAGAGTAATAAGT
H54_L_BS,CTTTTGCGGGATACGAGGGTAGCAACGGTACGCAGGCCAC
H70_R_BS,ATTCATTGAAAAATCCTGCGGGCAGTGCTCACAGAGTGA
H71_L_P_AND_H70_L_BS,AGGCCGATAGTAAAATGTTTAGTTTGCCAGAGGGGGTA
H42_L_S_AND_H43_L_BS,GACTCCTCAAGAGAAGGATTAGGAGGGCAAAGCGCCATTCGCCATA
H47_R_BS,GCGAACCAAGGTTAAATACCGAGAGAGAATCAGAAAAGCCCCTTTAACCAATAG
H68_R_BS,TGGGAATTTGCGGTTAGTCAGATCGCGTTT
H68_L_BS,AAAAGGAATTACGAGGGCAGATACGGAACAGTAACAACACCACG
H71_R_BS,ATCCCCCCGGAATCGTCATAAAT
H32_R_BS,GGTGGTGCCCCAGCATTCCTTTGATATCAAAATTATTTGAATAT
H33_L_BS_AND_H32_L_S,TCCCTCAGAGCCGCCACCCTCAGAGCGCAACCAGCCCACCACCGGA
H42_L_BS_AND_H43_L_S,TCAAGAGAAGGATTAGGAGGGCAAAGCGCCATTCGCCATAGGCTGA
H42_R_BS,GCACCGCTTCTGGTGCCGGGCGATCGAACAATATAAAGTACGGAATC
H46_L_P_AND_H47_L_BS,CGCCATATTTTGTTAATCATCAACATCAGAACGGCGCA
H46_R_BS,GAACGCCATCAAAAATAATGTGGGAAACCAGCAGAAAGGA
H33_L_P_AND_H32_L_BS,TCCACATCCCTCAGAGCCGCCACCCTCAGAGCGCAACCAGCCCACCACCGGAACCGCC
H64_R_BS,ATTGCGTTGCGCTCGCCAGCTGGCTTGATTTTGATAA
H71_L_BS_AND_H70_L_S,ATAGTAAAATGTTTAGTTTGCCAGAG
H67_L_BS,ATAAAGTAGCTCGAATTCGTAGCGGTGCGAACTAACATAACGCC
H67_R_BS,TAATTCGAGCTTCAAATTCAAATAAGCAAAGCGGATTGCATCAAAAAGATTTT
H64_L_BS,GGCGCATAGGCTAATCAACACATTATGTTACCTTTACACTTTGAGGG
H60_R_BS_AND_H61_R_P,GAGTAGATTTAGTTTGTCCCAATTCTGCGAACTCCGGC
H61_L_BS,TGATAAATTTAGCCGGAAAGGGTGGTTTTTAGCCCGA
H57_L_BS,GAGGAAGTTTCCATTAAACGGGTAAAGTAATACTTACTAATGAGGTTAAAGGGATGTCCATTTTGACGGGCCAAC
H56_R_BS,AAAACATTATATTTCAGAGCTAAGTTGTAGCGCTCATTCTGACCTGAAAG
H53_L_BS,TTGGCAGTTTTATAATATTCGTGCAGGGAGTTAAAGGCCG
H49_R_BS,GAATCGATGAACTACCCCGGTTGATAATAACATAACTGAACAATATT
H49_L_BS,AAGATTAATCTGGTGCGGTCAATTTTTTATTTAAACATTCCACA
H60_L_BS,ACGTGGCGAGAAAGATGGCCCAAAGAATCTTTTCATGCTCCATGTTACTGTGTCGAATGGTCAATCATCGCC
H54_R_BS,TTTTTTGTTAGAGCTGCGCGTGTGCTTTAGAACCCCAAATCACCATCAATATGA
H36_L_BS,TAAAGCCAGAATGGAAAGCGCAGTCTATATTCAGCCAGCATTGACAG
H42_L_BS_AND_H43_L_P,AACGCCGACTCCTCAAGAGAAGGATTAGGAGGGCAAAGCGCCATTCGCCATAGGCTGA
H46_L_S_AND_H47_L_BS,CGCCATATTTTGTTAATCATCAACAT
H46_L_BS_AND_H47_L_S,ATTTTGTTAATCATCAACATCAGAAC
H42_L_P_AND_H43_L_BS,GACTCCTCAAGAGAAGGATTAGGAGGGCAAAGCGCCATTCGCCATAGGCTGAAAAAGG
H60_R_S_AND_H61_R_BS,ATTTAGTTTGTCCCAATTCTGCGAAC
H60_R_P_AND_H61_R_BS,GCAGCCGAGTAGATTTAGTTTGTCCCAATTCTGCGAAC
H60_R_BS_AND_H61_R_S,GAGTAGATTTAGTTTGTCCCAATTCT
H56_L_BS,GGCTACAGAGGCTTAGACTTTTTCAT
H57_R_BS,AAGCCTTTGACCCTATACGTAATTGTACCA
H35_R_BS,TCCGGCCAGAGCTGGTCAGCAGCAACATATATGAGAATCCATCTTCTATAAGAATAAACACCCGACAA
H39_R_BS,AAACGACGGCCATTTGTGACCTTTAGCATAGCGCAGTACAGTTATTAACGGCTG
H40_L_BS,TTTAACGGGGTCAGTGTGTACTGAACAGCGAGCAGTTGTCTGAG
H33_L_S_AND_H32_L_BS,AGAGCCGCCACCCTCAGAGCGCAACCAGCCCACCACCGGAACCGCC
H71_L_S_AND_H70_L_BS,AAATGTTTAGTTTGCCAGAGGGGGTA
H71_L_BS_AND_H70_L_P,ATAGTAAAATGTTTAGTTTGCCAGAGGGGGTACTTTTG
H1_H2_Z_TAIL,TACAAACAATTCGAAAAACAGAAATAAA
H16_H17_Z_TAIL,TGCTGGTAATGAAGAACTCAAACTATAGCCCT
H35_H36_Z_TAIL,GTAAGCACGCGGTCCGAACGTGCCGGAC
H37_H38_Z_TAIL,CGGAAACAATCGGTTCCGGCAAGTCATA
H44_H45_Z_TAIL,AGGTGTATGGGCGCATCGTAACGGTCACGTTG
H58_H59_Z_TAIL,CAGGCAAGGCCATTAACATCCAATAACCCCAG
H66_H67_Z_TAIL,GCATTGTGAAAGACCGGAAG
H1_H2_Z_TAIL_P,TTTAGACTTTACAAACAATTCGAAAAACAGAAATAAAGAAATTTTT
H16_H17_Z_TAIL_P,TTTCGGCCTTGCTGGTAATGAAGAACTCAAACTATTTT
H35_H36_Z_TAIL_P,TTTACGCGGTCCGAACGTGCCGGACTTT
H37_H38_Z_TAIL_P,TTTCGGAAACAATCGGTTCCGGCAATTT
H44_H45_Z_TAIL_P,TTTATGGGCGCATCGTAACGGTCACGTTGGTGTAGTTT
H58_H59_Z_TAIL_P,TTTATCATACAGGCAAGGCCATTAACATCCAATAATTT
H66_H67_Z_TAIL_P,TTTCCAACAGCATTGTGAAAGACCGGAAGCAAACTTTT
H67_H68_Z_HEAD,CAAACTTGAGATTTAATAACCCTCGTT
H66_H65_Z_HEAD,GACAAGAACCGGTTCATCAGTCCAACA
H58_H59_Z_HEAD,CGATTATACCAACACTCATCTTTGACATCATA
H44_H45_Z_HEAD,GTGTAGATCACCGTACTCAGGAAGCCCGGAAT
H36_H37_Z_HEAD,CCTGCTCATTTACCGTTCCA
H16_H17_Z_HEAD,TTTTAAGAGTATAGCTATCTTACCGACGGCCT
H1_H2_Z_HEAD,GAAATTATTACCTTTCCTTCATAGAGCAAAAGACTT
H67_H68_Z_HEAD_P,TTTTGAGATTTAATAACCCTCGTTTTT
H66_H65_Z_HEAD_P,TTTGACAAGAACCGGTTCATCAGTTTT
H58_H59_Z_HEAD_P,TTTCCCCAGCGATTATACCAACACTCATCTTTGACTTT
H44_H45_Z_HEAD_P,TTTATCACCGTACTCAGGAAGCCCGGAATAGGTGTTTT
H36_H37_Z_HEAD_P,TTTGTCATACCTGCTCATTTACCGTTCCAGTAAGCTTT
H16_H17_Z_HEAD_P,TTTAGCCCTTTTTAAGAGTATAGCTATCTTACCGATTT
H1_H2_Z_HEAD_P,TTTATTACCTTTCCTTCATAGAGCAAATTT
H34_H3_Z_HEAD,AGTATTAGAAGATGATGAGAGGTTGAGGCATTGTAG
H48_H49_Z_HEAD,CATGTACCGTGATAGCAAGCCCAATAGCATGT
H12_H13_Z_HEAD,CCAGTTACAAGCAAATGAAAGAGCCTAACTGA
H10_H11_Z_HEAD,ACAACTTCTTTCCAAATCTAAACCAACGCTAA
H8_H9_Z_HEAD,AGAGCCCATTCCAAGAACGGGTGGCTGTCTTT
H4_H5_Z_HEAD,ACAGGATTAGGTTGGGTTATATCTTTTTAACC
H63_H64_Z_HEAD,TGCTGACTTTGAAAGAAGAGTAATCTT
H26_H27_Z_HEAD,TTTTCATACCTAACGGCATCAGTGTGTGAAATTGGGTTCGGTCA
H62_Z_HEAD,AGGACAGGAACCGAACTGACCAAATATAA
H54_H55_Z_HEAD,CAGCATCGGACGTCACCCTC
H22_Z_HEAD,GAAAATAGTCCACTATTATGTTACTGGTT
H23_H24_Z_HEAD,TCCACGGCAAACGTAATCAATAGAAAA
H18_Z_HEAD,TACGCAGTAAAGAACGGATTAAGCGAACAACTGAGAAGTAAAGTAAGGCGCG
H19_H20_Z_HEAD,CTACAGGCAGATAGCACTCCTTAT
H50_H51_Z_HEAD,TTTCTGTATGTTCCAGACGTTAGTAATCAGGT
H34_H3_Z_HEAD_P,TTTAGAAGATGATGAGAGGTTGAGGCATTT
H48_H49_Z_HEAD_P,TTTGGAACCCATGTACCGTGATAGCAAGCCCAATATTT
H12_H13_Z_HEAD_P,TTTAATTTGCCAGTTACAAGCAAATGAAAGAGCCTTTT
H10_H11_Z_HEAD_P,TTTTCTTTCCAAATCTAAACCAACGCTAACGAGCGTTT
H8_H9_Z_HEAD_P,TTTCATTCCAAGAACGGGTGGCTGTCTTTCCTTATTTT
H4_H5_Z_HEAD_P,TTTTTAGGTTGGGTTATATCTTTTTAACCTCCGGCTTT
H63_H64_Z_HEAD_P,TTTCTTTGAAAGAAGAGTAATCTTTTT
H26_H27_Z_HEAD_P,TTTTACCTAACGGCATCAGTGTGTGAAATTGGGTTTTT
H62_Z_HEAD_P,AGGACAGGAACCGAACTGACCAATTT
H54_H55_Z_HEAD_P,TTTGAAAGACAGCATCGGACGTCACCCTCAGCAGCTTT
H22_Z_HEAD_P,GAAAATAGTCCACTATTATGTTATTT
H23_H24_Z_HEAD_P,TTTGCAAACGTAATCAATAGAAAATTT
H18_Z_HEAD_P,TTTTACGCAGTAAAGAACGGATTAAGCGAACAACTGAGAAGTAAAGTAATTT
H19_H20_Z_HEAD_P,TTTGCAGATAGCACTCCTTATTTT
H50_H51_Z_HEAD_P,TTTATGAATTTTCTGTATGTTCCAGACGTTAGTAATTT
H50_H51_Z_TAIL,CATTGCCTGAAAAAGGCTCCAAGCTAATGAAT
H62_H63_Z_TAIL,TGCTGTAGCTAGAGCTTAAT
H55_Z_TAIL,CAAAAGGCCTGAGTAATGTGTAGGAAAGA
H53_H54_Z_TAIL,AGCAGCGTAAAGATTTTTTGAGAGATC
H48_H49_Z_TAIL,CAATCATATGGGTAATCGTAAAACTAGGAACC
H34_H3_Z_TAIL,AACGTCAGCGTGGTTGCTTCTGTAAAGA
H27_Z_TAIL,CTGCGGCCAGAATGCGGCGGGCCG
H25_H26_Z_TAIL,TACCGGGGGTTTCTGCCGCTTTCCAG
H12_H13_Z_TAIL,TAGCCCTAAAGGGAAGCGCATGCGCGAATTTG
H10_H11_Z_TAIL,CGAGCGAATAGATTTCTAAGAAAGGAGCACTA
H8_H9_Z_TAIL,CCTTATGTCAAAACAACATGTTTATCCGGTAT
H4_H5_Z_TAIL,TCCGGCTTTATCGTCGCTATTAGGTTTGAAAT
H21_H22_Z_TAIL,TGCCCCAGCAGGCGAAAATCCTGTGGTGCCGTAAAGCACTAAA
H23_H24_Z_TAIL,TCGGGAAACAGAGTTGCAGCAAGCGG
H18_Z_TAIL,TACTATGGTTGCTTTGACGAGCACCTGAGTA
H19_H20_Z_TAIL,TCGGAACCCTAACCGCGCTTAATGCGCCG
H50_H51_Z_TAIL_P,TTTTCAGGTCATTGCCTGAAAAAGGCTCCAAGCTATTT
H62_H63_Z_TAIL_P,TTTATATAATGCTGTAGCTAGAGCTTAATTGCTGATTT
H55_Z_TAIL_P,CAAAAGGCCTGAGTAATGTGTAGTTT
H53_H54_Z_TAIL_P,TTTGTAAAGATTTTTTGAGAGATCTTT
H48_H49_Z_TAIL_P,TTTGCATGTCAATCATATGGGTAATCGTAAAACTATTT
H34_H3_Z_TAIL_P,TTTTTGTAGAACGTCAGCGTGGTTGCTTCTGTAAAGAAGTATTTTT
H27_Z_TAIL_P,CTGCGGCCAGAATGCGGCGGGCCGTTTTCATTT
H25_H26_Z_TAIL_P,TTTCGGTCATACCGGGGGTTTCTGCCGCTTTCCAGTTT
H12_H13_Z_TAIL_P,TTTAACTGATAGCCCTAAAGGGAAGCGCATGCGCGTTT
H10_H11_Z_TAIL_P,TTTAATAGATTTCTAAGAAAGGAGCACTAACAACTTTT
H8_H9_Z_TAIL_P,TTTGTCAAAACAACATGTTTATCCGGTATAGAGCCTTT
H4_H5_Z_TAIL_P,TTTTTTATCGTCGCTATTAGGTTTGAAATACAGGATTT
H21_H22_Z_TAIL_P,TTTCTGGTTTGCCCCAGCAGGCGAAAATCCTGTGGTGCCGTAAAGCACTAAATTT
H23_H24_Z_TAIL_P,TTTTCGGGAAACAGAGTTGCAGCAAGCGGTCCACGTTT
H18_Z_TAIL_P,TTTGGCGCGTACTATGGTTGCTTTGACGAGCACCTGAGTA
H19_H20_Z_TAIL_P,TTTTCGGAACCCTAACCGCGCTTAATGCGCCGCTACAGTTT
H32_L_BS_AND_H33_L_BS,TCCCTCAGAGCCGCCACCCTCAGAGCGCAACCAGCCCACCACCGGAACCGCC
H42_L_BS_AND_H43_L_BS,GACTCCTCAAGAGAAGGATTAGGAGGGCAAAGCGCCATTCGCCATAGGCTGA
H46_L_BS_AND_H47_L_BS,CGCCATATTTTGTTAATCATCAACATCAGAAC
H70_L_BS_AND_H71_L_BS,ATAGTAAAATGTTTAGTTTGCCAGAGGGGGTA
H60_R_BS_AND_H61_R_BS,GAGTAGATTTAGTTTGTCCCAATTCTGCGAAC